const,inflection,rate,b_asymptote,pop_density,id
0.017348096396890934,0.018041459940161344,0.005454829569071892,0.9799920354363149,-0.010866619916312572,1KME5471N8497
0.022061968962307582,0.01770650019942395,0.0052187485063886815,1.014859278886189,-0.014741624666329795,1KME5472N8497
0.042908888016601636,0.0166164348037982,0.005198700329251758,0.9735598491949519,0.007367479475360058,1KME5472N8500
-0.013437853579227017,0.022137329720268346,0.00580691351455145,0.8954405569189486,-0.39877982963498143,1KME5473N8479
-0.060383757815602956,0.020566149888187703,0.005580127128932121,0.8993145162437414,-0.10265905118777927,1KME5473N8491
-0.05338871865762971,0.019019658289096287,0.005279103227992571,0.9165246999247031,-0.018372014565923266,1KME5473N8494
-0.03375950420223963,0.018430542752229724,0.005148053342139635,0.9381576747350076,-0.01098021332419636,1KME5473N8495
0.07733028987425655,0.01681064420591713,0.0049022856387044445,1.0096298163244743,-0.004241349791168602,1KME5473N8498
0.06987902592217532,0.01647318118825167,0.0049126555676505595,1.0305156813493352,0.023192590756660345,1KME5473N8499
0.047859839686789044,0.016199115208877835,0.004985228016599286,0.9835718633521582,0.039753075265843846,1KME5473N8500
0.020522160071133496,0.0160453921739907,0.005058308562207664,0.9171039863252394,0.043564741050997814,1KME5473N8501
-0.0003324983671139604,0.015985013700158746,0.005122523291396312,0.8712256622363967,0.01567586682859989,1KME5473N8502
0.00456159249591236,0.015973123649064485,0.005192912817550209,0.8773560050602108,0.012239346891407375,1KME5473N8503
0.017380796047363416,0.022043450672339492,0.005730107140938326,0.9029286463729564,-0.5151620649704707,1KME5474N8484
-0.006578434223908543,0.021862736164878986,0.005699378682900711,0.9036577288859423,-0.40794904458362624,1KME5474N8486
-0.032967980912979894,0.017394073446004844,0.004690675313005607,0.954670298190706,-0.0021840443523512536,1KME5474N8496
0.05832706225511992,0.01632330331397665,0.004594320126187625,0.97983088057667,-0.0032173897877844876,1KME5474N8498
0.061512081981472844,0.01598681799006369,0.004653621261155842,1.004512223352338,0.023830926190095282,1KME5474N8499
0.04956146419708287,0.015737798271512816,0.004746464067952176,0.9705394502024819,0.029001067215799058,1KME5474N8500
0.0179672376474439,0.015627331780602632,0.00484035134747043,0.9272776099956168,0.035076630846663896,1KME5474N8501
-0.008001025161797362,0.015614988261491191,0.0049415385560252064,0.8949656085243543,0.034224907516645885,1KME5474N8502
-0.012173905635498784,0.01563470137155134,0.005030225335016962,0.883538190379721,0.03256761747983986,1KME5474N8503
0.0036143505968681644,0.015673372276227417,0.005105199603247008,0.8625409911354454,-0.002667771579468577,1KME5474N8504
0.024998126464311,0.022020626421840488,0.0056140428720129,0.9016622538843906,-0.5515184708927449,1KME5475N8484
-0.01356870021443051,0.021690126828617314,0.005525215907781537,0.9030050137443114,-0.37824863143381204,1KME5475N8487
-0.06926051741552768,0.02077253057643649,0.005301438867057573,0.8994654355511084,-0.1531176313068166,1KME5475N8490
-0.10582207424789127,0.01912816033857444,0.004897127447055045,0.8558486649468586,-0.027163299032373436,1KME5475N8493
-0.09242255817123018,0.01761522111483974,0.004499974990621466,0.8803096812664601,0.0039458240365147605,1KME5475N8495
0.05014502606740569,0.015422618347040678,0.004340216125701724,0.9096701148197883,-0.021377437015567425,1KME5475N8499
0.04583582933031734,0.015184952215182195,0.004486272565283946,0.9218677329002376,-0.037897590746296284,1KME5475N8500
0.027771223463936165,0.015244658768745614,0.004619810160888475,0.915679778331983,-0.0342246706755606,1KME5475N8501
0.00635003115681095,0.015248120702255123,0.004739580309621116,0.9056674766440094,-0.016708919265012195,1KME5475N8502
0.002657127488877673,0.015282907038712669,0.00484873099602362,0.9006522005085458,-0.000574308833342546,1KME5475N8503
0.0005968270549589603,0.015363120535424596,0.0049458466242072036,0.8434608281590869,-0.01160695506898442,1KME5475N8504
0.025173213128015234,0.022106744027877247,0.005526110478141601,0.9083882653312471,-0.582613716677402,1KME5476N8482
0.025544019857576483,0.02206982948644305,0.00550902882553906,0.9087431672778349,-0.5972091070108997,1KME5476N8483
-0.08047966153314672,0.02069525878618975,0.00508864178212569,0.8994449379628757,-0.15211210686289786,1KME5476N8490
-0.10126529862731982,0.020169988675028828,0.004947825479524895,0.8972100196771016,-0.07283500507065481,1KME5476N8491
-0.1436190886689457,0.01881254123314179,0.004582787256656032,0.8087747341701889,-0.024534543966085662,1KME5476N8493
-0.14730964835970287,0.01793812349536766,0.004353885763924771,0.78128457697545,-0.00852471346737893,1KME5476N8494
-0.1329176832354379,0.017101929575606852,0.0040840205655123685,0.8351702338456686,0.015318543152009381,1KME5476N8495
-0.05125642168358357,0.015732493744465545,0.003744051146964026,0.8480324597548488,0.03192592742150049,1KME5476N8497
-0.0038204904305596003,0.015352418127394157,0.004974699117079496,0.8032692663103342,-0.0039833903933194515,1KME5476N8506
0.027590708802613717,0.02201046664263069,0.005378948126208476,0.9139555456786224,-0.6193374064386182,1KME5477N8483
0.00206795019914133,0.021828992822674993,0.005301717074821458,0.8860472801368159,-0.5820158382689248,1KME5477N8485
-0.0074423828807912065,0.021672704873521662,0.005246829160246408,0.8920033458734468,-0.5180660883449534,1KME5477N8486
-0.1481331535822804,0.019267434091158938,0.004456572816968739,0.8721897469033448,-0.050158930135134276,1KME5477N8492
-0.1700958887865121,0.018448606306430086,0.004209799644157291,0.8195033589738847,-0.03290740926405861,1KME5477N8493
-0.18502267629635785,0.017468803244005224,0.0039263257364855145,0.7825421886439897,-0.007734658540054924,1KME5477N8494
-0.1374899802156163,0.01576758369684369,0.003349646707219659,0.8380277246487894,0.043577617384404244,1KME5477N8496
-0.044413728350455504,0.014505852139027943,0.003476682480343835,0.8017481107578447,0.04542112105958822,1KME5477N8498
0.013917120843881267,0.014103946340947228,0.003959881257088491,0.7601170492955741,0.007328676159739899,1KME5477N8500
0.02299983591802943,0.021919510940730212,0.0051917844858796105,0.8945623207556852,-0.6502733163388913,1KME5478N8484
0.0017913150114340973,0.02180037652618113,0.005134473535227167,0.8303471832803007,-0.6244126123484197,1KME5478N8485
-0.022465891711993202,0.02163967377839495,0.005063346693217106,0.8213860642834315,-0.5710567553650314,1KME5478N8486
-0.056601210430755694,0.021126908665904193,0.0048649221679601855,0.8951589494043406,-0.3192360427598063,1KME5478N8488
-0.1406605404496337,0.019736796138536048,0.004342512820085931,0.9281101547271587,-0.07402218243566654,1KME5478N8491
-0.16958187263830998,0.018963578078087445,0.0040765962046624,0.8823649600609554,-0.05150078719674984,1KME5478N8492
-0.19724286572026134,0.018017414934024135,0.003781159346523391,0.8220909473343923,-0.030013076298134034,1KME5478N8493
-0.20904904916165584,0.016868189166584453,0.0034129850119681243,0.7804902266486717,-0.0036734110130228702,1KME5478N8494
-0.2031252816026538,0.015868324919985174,0.0030210124411148187,0.7921468351653337,0.018720349789422133,1KME5478N8495
-0.16818037114178144,0.014953498614264787,0.0029639049407330985,0.8339470010879476,0.044270966217836126,1KME5478N8496
-0.13252001016426201,0.01436999544730616,0.0028548423236832397,0.8501845489598614,0.07564217173943324,1KME5478N8497
-0.08155945910428311,0.013959693243110426,0.0031474211834034505,0.8284002952349976,0.0849523292523698,1KME5478N8498
-0.040334076972977626,0.013596547878337738,0.003441709366220712,0.7691244298433451,0.03132185183673562,1KME5478N8499
-0.016417877764290184,0.013811270648934513,0.003708704840320884,0.6928792792903564,0.0296537497197666,1KME5478N8500
-0.021754480528070753,0.014466331351362624,0.004322203844251265,0.7617942357898966,0.024679417726022054,1KME5478N8503
0.04608519057277665,0.021880262849059758,0.005086602409459838,0.889701377017943,-0.6293647420540661,1KME5479N8483
0.04187048306870699,0.02178628147276747,0.005024981551892211,0.86595679570578,-0.6636732653733385,1KME5479N8484
0.013473658060103382,0.021669436296735747,0.004950204765314405,0.8011488885742452,-0.6240652747536464,1KME5479N8485
-0.02088487563130383,0.021509507976937816,0.004859610218701372,0.7810663638295391,-0.5449014894390605,1KME5479N8486
-0.04395249686882923,0.02129409793951936,0.00474974430017022,0.8095388853648325,-0.4089623381575586,1KME5479N8487
-0.07019573890073612,0.02100696646738336,0.004616498990248887,0.888144018272928,-0.28518204840422834,1KME5479N8488
-0.09689023451109872,0.02061530478146282,0.004452623552020128,0.9035201504340622,-0.19669809606608404,1KME5479N8489
-0.12527923633590188,0.020097952819847338,0.004247600667851534,0.954777640645226,-0.1266799554412254,1KME5479N8490
-0.15601819520998852,0.019434971094250318,0.003989397117357392,0.9286213129853229,-0.08206817880728057,1KME5479N8491
-0.1887659661550587,0.018618045421645385,0.003662759613044104,0.8844518564732853,-0.05341619028705793,1KME5479N8492
-0.21423228652789078,0.017572087700195322,0.0032794793215518295,0.8200143281113143,-0.026760942693911015,1KME5479N8493
-0.21834673364101292,0.01641352253974213,0.0028166177321094195,0.7784004522488559,0.0010529150048189098,1KME5479N8494
-0.2232277985332096,0.015167014473815767,0.0024587595892842113,0.7899057731374516,0.02535627748904458,1KME5479N8495
-0.19986352491901443,0.014157451376321989,0.0025298298741144804,0.8133705192310551,0.058112693835936,1KME5479N8496
-0.16000827943278406,0.013592142649537576,0.0024548796405871997,0.8165497544766069,0.10351279651968037,1KME5479N8497
-0.11194279642498497,0.013321447678683217,0.002816233294811261,0.801136449576104,0.14029231283485177,1KME5479N8498
-0.06800636603754157,0.01328262921789807,0.0031539462574646797,0.7644213060314694,0.12816769634488814,1KME5479N8499
-0.03943184917770933,0.013524131022040572,0.0034558256718438055,0.7179958372725778,0.0590909432708993,1KME5479N8500
-0.03407100346642405,0.013643609569269,0.003719442102717128,0.6958352762268123,0.008453122478511323,1KME5479N8501
-0.034930086947003045,0.013914396493237394,0.003946774718722372,0.7256340093424838,0.038817823706343235,1KME5479N8502
0.051151662348452594,0.021651702420295193,0.004850054949686995,0.8339875188592748,-0.5918151373279044,1KME5480N8484
0.042659977445595555,0.021520089412833322,0.0047591051312861985,0.8020450149240683,-0.5232190299981224,1KME5480N8485
0.007451878962753016,0.021342920703193637,0.00464882273786846,0.7774396246990539,-0.42714241320479246,1KME5480N8486
-0.028481138856709137,0.021107241333224346,0.004514636535365541,0.795926313818329,-0.3285383495289616,1KME5480N8487
-0.09631987918978326,0.02038725776097704,0.004155248069805058,0.9164628541912364,-0.15032642246544958,1KME5480N8489
-0.16426415463422087,0.019150111226756045,0.0036215954630893325,0.9166960169017441,-0.0917011314097633,1KME5480N8491
-0.22852173743998594,0.01578741205186689,0.002324466168501827,0.7822467755262937,0.021282536863940462,1KME5480N8494
-0.21404529092069788,0.013476805447419488,0.0019836892668163267,0.7839704730130055,0.07171333850679214,1KME5480N8496
-0.18042881173134717,0.013079224416467538,0.002054300151692043,0.7787197315145602,0.12658833561759153,1KME5480N8497
-0.13539539446791493,0.012453216445338866,0.0024741965937778165,0.765948241013805,0.1777596709342349,1KME5480N8498
-0.09532259978995883,0.012683724636743766,0.0028577480682808773,0.7403817602745184,0.19106038854082377,1KME5480N8499
-0.06676326960510828,0.013020801523768291,0.0031963033173702123,0.7107514438632432,0.14535041486203082,1KME5480N8500
-0.05321109061370658,0.013375599539175467,0.003489810393106914,0.6989882926276254,0.0912082113121615,1KME5480N8501
-0.04863339621546229,0.013701315199551724,0.003741889083334433,0.72457158508303,0.08417170991084191,1KME5480N8502
-0.0482842178412184,0.013997234614057557,0.003957423359485102,0.7674279186451622,0.06779417490358286,1KME5480N8503
-0.027981434786343625,0.014265092004741483,0.004141428583307524,0.809733267991866,0.049688965857067016,1KME5480N8504
-0.04752526752110342,0.0205866558933702,0.004063016406865332,0.783635984516192,-0.2180233763208116,1KME5481N8488
-0.08887346252187694,0.020150482191125793,0.003822917330697111,0.8409691483979511,-0.1770141942640083,1KME5481N8489
-0.12981447768769364,0.019582122071920924,0.003533515369321687,0.8670293144390904,-0.14367076921395316,1KME5481N8490
-0.20243067800080602,0.017879997223315985,0.002771102297601571,0.8455199004790394,-0.05512235924738283,1KME5481N8492
-0.225560517745612,0.016689979126504176,0.002231103674874612,0.8105765582579045,-0.009268875534435297,1KME5481N8493
-0.2277125660007138,0.014095563671178788,0.0015588405924098626,0.7720756370157618,0.04925232829039822,1KME5481N8495
-0.20473654117116147,0.012974948285786582,0.0013482524970258299,0.760050389727656,0.07808317355416572,1KME5481N8496
-0.18218926678948452,0.012081425477008077,0.0016601953014150845,0.7479161088695075,0.1375693434593002,1KME5481N8497
-0.14310857893492226,0.011936972772647696,0.0021369109240421853,0.7355263704318387,0.19436297142103684,1KME5481N8498
-0.07444305763406334,0.012795253166021654,0.002938872680882214,0.7015080028512919,0.12921333370594518,1KME5481N8500
-0.05824385733572302,0.013182476672274877,0.003261407886645147,0.7012811386656345,0.12334286816160657,1KME5481N8501
-0.053326127264230805,0.013533691516357416,0.003537614423821862,0.7337383422846012,0.10110835684336686,1KME5481N8502
-0.004469154316010475,0.014364512352581795,0.004146855900595041,0.887984208841941,0.01940527191225524,1KME5481N8505
0.023514907044217496,0.01512105546795578,0.004623415460666199,0.8818723587446233,-0.05559308061560703,1KME5481N8509
0.04878186217070349,0.021224182902214662,0.004337742991335238,0.7674812336260214,-0.38178978641355765,1KME5482N8485
0.015939381243019433,0.020739312366500423,0.003996045793777684,0.7244632331245209,-0.24346314754440518,1KME5482N8487
-0.03524266765189293,0.02038250893826387,0.0037732195793205017,0.732863254283595,-0.17543178755119374,1KME5482N8488
-0.2070700542432138,0.01755977065084358,0.0023767590939365773,0.8259559921135213,-0.060796764933769884,1KME5482N8492
-0.1922514718533076,0.012774046144184833,0.0010751663645448743,0.7572543056546998,0.05173161525381392,1KME5482N8496
-0.1567597413841294,0.011973276376603559,0.0014023915971244014,0.737419885173894,0.10266973877625445,1KME5482N8497
-0.12026747342718808,0.011578301012320541,0.001902777849206957,0.7458094450586569,0.09389427012656222,1KME5482N8498
-0.04966608430415286,0.012840556042761402,0.003042932255015865,0.7143889090884746,0.10933311732840202,1KME5482N8501
-0.04340470212645526,0.013194621770886652,0.0033405767809318587,0.7640633844972418,0.09036921507199888,1KME5482N8502
-0.03437435934506488,0.013519884270860842,0.003594793233811973,0.8634507488323491,0.07499420130322056,1KME5482N8503
-0.025401684923870804,0.01381667093587514,0.0038119969063446797,0.886327812162578,0.034967246969833235,1KME5482N8504
0.02840013490270362,0.014332758908978352,0.004157325234377779,0.957417031211461,-0.04874799615503865,1KME5482N8506
0.03160917936329025,0.014949832201537248,0.004515314677265613,0.894109551554748,-0.08031699596593822,1KME5482N8509
0.013119107335805583,0.020831770794124113,0.0039645544969017475,0.7271473019557312,-0.26902135070455085,1KME5483N8486
-0.014092668677746827,0.02052847214866145,0.00376641455496487,0.7162630539229691,-0.19990993483256914,1KME5483N8487
-0.03317072989083878,0.020144770628721904,0.003530374298705027,0.722586660937193,-0.19150927480022203,1KME5483N8488
-0.08636723329825732,0.01967287084545219,0.0032506745209295407,0.7818114021290952,-0.17001543582769418,1KME5483N8489
-0.13588276759256607,0.019059320408369076,0.0029188211979074155,0.8115494805147727,-0.1469189699263174,1KME5483N8490
-0.1785034174711675,0.018279025939908464,0.002525183979714584,0.8237483009177164,-0.11127493502872246,1KME5483N8491
-0.2115265498480238,0.017284066323885454,0.0020594249740499993,0.8079689074654219,-0.060807808865065906,1KME5483N8492
-0.22383127783861084,0.014879173648625383,0.0010676004276909644,0.7793210648244806,-0.00952215974300117,1KME5483N8494
-0.20185979956188826,0.013883636092493648,0.0008734738123816661,0.7780131222865384,-0.007273460255791533,1KME5483N8495
-0.16727074598670938,0.012949803677234528,0.0008348705917723877,0.7840142438981438,-0.008902347627500666,1KME5483N8496
-0.08801385737793922,0.011394066357616353,0.001659281798632496,0.7499387186345096,0.0024938977693061545,1KME5483N8498
-0.02956693313747225,0.012703747197325784,0.0028712400324693924,0.7604746867671269,0.06320683439005761,1KME5483N8501
-0.02248921978259798,0.0130161269357021,0.0031561638908152775,0.8340255196100083,0.058192489907274526,1KME5483N8502
-0.015809167948341144,0.01336278923533886,0.003423830466158454,0.9336641479643241,0.039874640109473,1KME5483N8503
-0.005353532597465138,0.01367727203653061,0.0036550235490262466,0.9971260553350878,-0.005689311530638576,1KME5483N8504
0.06571397151163628,0.014455589681260147,0.004170938184128355,0.9472375435188299,-0.11594211389733348,1KME5483N8507
-0.021044793749971525,0.020631128112568856,0.0037720080100328377,0.7436528369428215,-0.24480138456309922,1KME5484N8486
-0.035693132755014526,0.02033420814959784,0.0035603346437636943,0.7390525568710313,-0.20996619465782157,1KME5484N8487
-0.21105929632049972,0.01707626183546128,0.0018006989910515142,0.8294116859358155,-0.05639933767756097,1KME5484N8492
-0.22074031835045446,0.01602372779293931,0.0013158160660493084,0.7650800128621651,-0.04394491917527842,1KME5484N8493
-0.21056758232894177,0.014986595446133288,0.0008848083096717812,0.7769704474922464,-0.04153290993267379,1KME5484N8494
-0.13715424047923122,0.013312671760851769,0.0005734087394139165,0.8157567864321424,-0.18094350208117344,1KME5484N8496
-0.08155194560952848,0.012569683787660515,0.0009137696541023223,0.8404813819221683,-0.2841011663963372,1KME5484N8497
-0.04898225291546045,0.011882830447124463,0.001454399130749191,0.8511036654512866,-0.2991260645952638,1KME5484N8498
-0.022521197467583763,0.011989196216473236,0.001934119834312417,0.8605451751735403,-0.19771615311387392,1KME5484N8499
-0.009265677706308805,0.012179698705411678,0.002353577132730392,0.8867208007951175,-0.07552044924104856,1KME5484N8500
-0.0036058842975867666,0.012592446492738156,0.0027173845501237224,0.9322427675410186,-0.013735953153613279,1KME5484N8501
-6.275326569900604e-05,0.012994510411211933,0.003031662595060618,0.9777443473384005,-0.007449257898887036,1KME5484N8502
0.015018526747116956,0.013699183983801945,0.003519697444338242,1.0111507152347445,-0.05973958693642697,1KME5484N8504
0.03590156304416075,0.013993272493103556,0.003714849483610316,0.9787704783418565,-0.08942989086157557,1KME5484N8505
0.06197410852657258,0.01467659790357979,0.004186519929098226,0.9539503285707148,-0.15846187606931308,1KME5484N8508
-0.17419561344524648,0.01786102071567107,0.0021026874666144725,0.8174700793632994,-0.09784400836203945,1KME5485N8491
-0.20800457004111222,0.016937804000284155,0.0016892356623958902,0.7860031416990347,-0.05392941983973496,1KME5485N8492
-0.16014399896716625,0.014239833548217456,0.000687792191235785,0.7912615926579311,-0.1458361798163474,1KME5485N8495
-0.1104616357128661,0.013606241192191375,0.0003760824738288037,0.8197790747405076,-0.21083736932132582,1KME5485N8496
-0.0585838384986691,0.01283347653681267,0.0007804376517760248,0.8697487300859896,-0.44112713626677535,1KME5485N8497
-0.016462075317416922,0.012203569583859179,0.001289941426858765,0.9338465755371261,-0.4391236464151299,1KME5485N8498
0.008777650207992727,0.012249180492860922,0.0017730157502668475,1.0556047740015726,-0.31385045240065185,1KME5485N8499
0.018933141944445574,0.01258171564630332,0.002197064097780408,1.2241487499795567,-0.19222587457215012,1KME5485N8500
0.024953468940170826,0.012599000741331908,0.0025665552486497404,1.2445627096671696,-0.13162566150900648,1KME5485N8501
0.026704298326693132,0.013372180329830669,0.0031652932183017166,1.0125190072619428,-0.13719362006892605,1KME5485N8503
0.031679092056128094,0.013631467406838672,0.0034062929244180543,0.9765008263835111,-0.1444036024936981,1KME5485N8504
0.04378822855945835,0.013939068988958385,0.003615454942615506,0.9697575169205317,-0.14353938900162802,1KME5485N8505
-0.1563262218537254,0.018427927860243207,0.0022846705860493093,0.8250413712484465,-0.10755726596678447,1KME5486N8490
-0.17586755214864214,0.017683009747240106,0.002005568719766114,0.8052353294644201,-0.08833507491066019,1KME5486N8491
-0.17701392681505645,0.015222298772700368,0.000874758935232975,0.7765859918747916,-0.12191327544881111,1KME5486N8494
-0.04129152554353001,0.013196884260340817,0.0007402925618486514,0.8582404056494121,-0.315315150676127,1KME5486N8497
0.037648019976813774,0.012673968963960745,0.002066487436639275,1.4506176591464754,-0.30435255002923206,1KME5486N8500
0.0381639824494119,0.013067122540041947,0.00275991348548468,1.1394829261827553,-0.25998906116720716,1KME5486N8502
0.03822942006875577,0.013379462325024717,0.0030416619986889356,0.9943606697454446,-0.2522014477016798,1KME5486N8503
0.043105257291017544,0.013695689768847764,0.0032872100257670582,0.944819876224057,-0.22805050955423237,1KME5486N8504
0.053695328206451814,0.01398643765887951,0.0035013901466650296,0.9621700816229997,-0.19480811115916793,1KME5486N8505
-0.10829811924371777,0.019348759336729478,0.0027792476141699426,0.7994442295841429,-0.16715214890465627,1KME5487N8488
-0.12645842497850243,0.018858291183924937,0.0024443217072782236,0.8107390136526463,-0.13302159921860568,1KME5487N8489
-0.17015346494701453,0.01681547234478798,0.0015521507355962913,0.7709282504956804,-0.07946647021523667,1KME5487N8492
-0.16301974157332874,0.016155547479757733,0.0012109083284186305,0.7581669197061435,-0.09619974045404582,1KME5487N8493
-0.1171789491136685,0.014855974170616825,0.0007588831017613577,0.7809149986438447,-0.19255570314361645,1KME5487N8495
-0.08283245094546345,0.014286032095663561,0.0005561205630778185,0.7694278884043549,-0.25207157257653706,1KME5487N8496
-0.032176721019881484,0.013749679568921988,0.0008074710425997065,0.8913376121953039,-0.29780155525416696,1KME5487N8497
0.03249578563536907,0.012983953288843633,0.0016112220225463782,1.1164920161014316,-0.33892606998112307,1KME5487N8499
0.04533759195843965,0.012944510308521702,0.0019934426332853263,1.549536055457589,-0.33326679416925103,1KME5487N8500
0.047535810696442055,0.013090117467122839,0.0023375213450848014,1.4267377343563283,-0.3121391284560605,1KME5487N8501
0.04604583854155346,0.013395024392889959,0.0026502097635969627,1.13917731142789,-0.37121910042073125,1KME5487N8502
0.04406615015885383,0.01351305187581299,0.0029326686419475978,0.9879663149686108,-0.34832725273463566,1KME5487N8503
0.04426013888261227,0.01377594992591723,0.003180285624329704,0.9390640736825364,-0.3077779999347718,1KME5487N8504
-0.1308541856686331,0.018156258276007444,0.0020857533608167646,0.8467345158512963,-0.08326661978508829,1KME5488N8490
-0.16013726417427934,0.016840005347142844,0.001573958344649066,0.780820260370822,-0.09932912226491246,1KME5488N8492
-0.10360381514471032,0.015080314391976123,0.0009017005615374022,0.7852601796277673,-0.16676143069751795,1KME5488N8495
-0.04504237160634774,0.014115979912394326,0.0008523546273865733,0.9014874086279882,-0.24436745584207425,1KME5488N8497
0.007348621375007289,0.013523418361444996,0.0015860991802222955,1.1787413745064625,-0.3166552181489951,1KME5488N8499
0.046881874172792805,0.013427941002751078,0.002279638901746958,1.2528498638279817,-0.3581317986448564,1KME5488N8501
0.04237707197202997,0.01373227181666101,0.002843634661703815,0.9931959156212676,-0.3287102665731915,1KME5488N8503
0.042395045443972365,0.013904039369387288,0.003086006131458552,0.9864547293847511,-0.29530252353842074,1KME5488N8504
0.05656641693320661,0.014336707272068256,0.00349683486227395,0.9833313795913895,-0.2262767620800875,1KME5488N8506
0.007097796995452195,0.013745496841809566,0.0019259973075290266,1.243592835890124,-0.2757799415910021,1KME5489N8500
0.040361859421206014,0.014121772877044934,0.00301606182808991,1.0090451673366456,-0.26882372973604723,1KME5489N8504
-0.0691517570294307,0.015152324920727935,0.0011284542918016476,0.8831628629145786,-0.16496382553294495,1KME5490N8496
