id,t_const,t_inflection,t_rate,t_b_asymptote,t_pop_density,tfilt_const,tfilt_inflection,tfilt_rate,tfilt_b_asymptote,tfilt_pop_density
1KME5471N8497,0.35316994508428384,0.7015965596012734,0.24994543083015874,12.086925809866601,-0.16517750300742906,0.0,0.0,0.0,12.086925809866601,0.0
1KME5472N8497,0.4385245194206223,0.6883370983952972,0.23904831801298707,10.519940474496005,-0.17687464488135524,0.0,0.0,0.0,10.519940474496005,0.0
1KME5472N8500,0.7217956134940748,0.6485514787850563,0.23884181937788265,11.51005650896497,0.08330651450738041,0.0,0.0,0.0,11.51005650896497,0.0
1KME5473N8479,-0.3099802885677374,0.856425241469856,0.2658888754835141,20.924249545866115,-10.288018522882712,0.0,0.0,0.0,20.924249545866115,-10.288018522882712
1KME5473N8491,-1.6138962450759602,0.7939510752250012,0.2551766944890047,22.046903799002973,-2.2962999474901067,0.0,0.0,0.0,22.046903799002973,0.0
1KME5473N8494,-1.2685424566129775,0.736126091765393,0.2414474780337245,16.439822379261628,-0.3549010499759789,0.0,0.0,0.0,16.439822379261628,0.0
1KME5473N8495,-0.7385806711202375,0.7141159358034532,0.2354508401580419,14.15133264130172,-0.19490557071189943,0.0,0.0,0.0,14.15133264130172,0.0
1KME5473N8498,1.2711877531360587,0.6541630023601471,0.22476438584786723,11.304084148955834,-0.05560979874786062,0.0,0.0,0.0,11.304084148955834,0.0
1KME5473N8499,1.1242406930320124,0.6420972178493477,0.22547567257605647,10.358829244738061,0.1966802067202748,0.0,0.0,0.0,10.358829244738061,0.0
1KME5473N8500,0.7442689716300644,0.6322586617210948,0.22916826972735158,9.154532141703585,0.34544701402290134,0.0,0.0,0.0,9.154532141703585,0.0
1KME5473N8501,0.31285343739196614,0.6270141475027656,0.2327619369341731,7.713669061120873,0.4227900304852448,0.0,0.0,0.0,7.713669061120873,0.0
1KME5473N8502,-0.005070744552627861,0.6252826392848643,0.2358180389131767,6.730464023472933,0.16888117379005407,0.0,0.0,0.0,6.730464023472933,0.0
1KME5473N8503,0.07651258577941951,0.625303433877446,0.23919162771586336,7.313126232811888,0.12333706487230468,0.0,0.0,0.0,7.313126232811888,0.0
1KME5474N8484,0.3032968094023318,0.8510272840968466,0.26192735963889074,19.491174727124907,-8.720391833852972,0.0,0.0,0.0,19.491174727124907,-8.720391833852972
1KME5474N8486,-0.13486150855595344,0.8434406371630317,0.26039535193322105,19.654253770358597,-8.79368149775471,0.0,0.0,0.0,19.654253770358597,-8.79368149775471
1KME5474N8496,-0.745320903036612,0.6742796327717109,0.2145354421394041,12.71422024048445,-0.03465838726896325,0.0,0.0,0.0,12.71422024048445,0.0
1KME5474N8498,1.060445152357999,0.635071326523502,0.21071917923244365,12.433339313741467,-0.045507525214849014,0.0,0.0,0.0,12.433339313741467,0.0
1KME5474N8499,1.0711662740047314,0.623082479154239,0.21376774078092667,10.0143273022709,0.21901756239828382,0.0,0.0,0.0,10.0143273022709,0.0
1KME5474N8500,0.7817375070414097,0.6142616094383985,0.21830334957742722,9.004385501940575,0.2804368455453188,0.0,0.0,0.0,9.004385501940575,0.0
1KME5474N8501,0.2767191410554744,0.6107232094552404,0.22278811872517348,7.756815293081905,0.36826800730059206,0.0,0.0,0.0,7.756815293081905,0.0
1KME5474N8502,-0.12272353006439016,0.6108673203781836,0.22759805919478643,7.023547769449974,0.3334775387065786,0.0,0.0,0.0,7.023547769449974,0.0
1KME5474N8503,-0.19550598877400063,0.6121038506755633,0.23177636061180984,6.814949853170935,0.28923971083247646,0.0,0.0,0.0,6.814949853170935,0.0
1KME5474N8504,0.06783117683455081,0.6139652650495587,0.23526021561240204,7.231293360389073,-0.028811252480824088,0.0,0.0,0.0,7.231293360389073,0.0
1KME5475N8484,0.3793822720260829,0.8499081625585336,0.2565460680359222,18.95536286731412,-8.038524243861275,0.0,0.0,0.0,18.95536286731412,-8.038524243861275
1KME5475N8487,-0.27493722104455903,0.8360797270671612,0.25230239106024793,20.212602184267936,-8.197401299859528,0.0,0.0,0.0,20.212602184267936,-8.197401299859528
1KME5475N8490,-1.644612267583034,0.8007077575237053,0.2421649521046637,22.15700220871963,-3.2333744291758575,0.0,0.0,0.0,22.15700220871963,-3.2333744291758575
1KME5475N8493,-2.2138409064534748,0.7376551283515068,0.2238881904287238,12.583684458492534,-0.49952506931904805,0.0,0.0,0.0,12.583684458492534,0.0
1KME5475N8495,-1.784706983522444,0.6811507316726416,0.20574180668006198,12.484149847162366,0.07797756416135143,0.0,0.0,0.0,12.484149847162366,0.0
1KME5475N8499,0.9525249777866084,0.6010166295612096,0.19946500723541014,13.506320470113282,-0.3579352699716265,0.0,0.0,0.0,13.506320470113282,0.0
1KME5475N8500,0.8302136325594222,0.5926413749283843,0.20645141819337323,8.14470033920984,-0.5683822411610316,0.0,0.0,0.0,8.14470033920984,0.0
1KME5475N8501,0.4852243418343612,0.5958775772954995,0.2127556170633763,7.346362662471388,-0.48040075667203774,0.0,0.0,0.0,7.346362662471388,0.0
1KME5475N8502,0.1087997420255743,0.5965866667079597,0.21835642114315937,7.034439762197335,-0.2127088554714925,0.0,0.0,0.0,7.034439762197335,0.0
1KME5475N8503,0.05102940954927199,0.5983719856584983,0.22343468188089247,7.002465764784458,-0.006577154189959715,0.0,0.0,0.0,7.002465764784458,0.0
1KME5475N8504,0.01190135550199038,0.6018436636275628,0.2279386470528143,8.040646048101172,-0.13631635172767606,0.0,0.0,0.0,8.040646048101172,0.0
1KME5476N8482,0.42086904326645186,0.8536269465901913,0.25262425149651035,18.19545442774975,-9.452798974114685,0.0,0.0,0.0,18.19545442774975,-9.452798974114685
1KME5476N8483,0.38584720195815647,0.8518346861394964,0.251759084390846,17.452702954889844,-8.57539040814232,0.0,0.0,0.0,17.452702954889844,-8.57539040814232
1KME5476N8490,-1.7958350565224162,0.7968337992283627,0.23228712570748944,22.260948806991635,-3.2518121582118233,0.0,0.0,0.0,22.260948806991635,-3.2518121582118233
1KME5476N8491,-2.2080668628532525,0.7768539225525484,0.22594289572995582,16.394783105537172,-1.1508349152571429,0.0,0.0,0.0,16.394783105537172,0.0
1KME5476N8493,-2.6280605470154734,0.7250288366854719,0.20946003171062536,6.622894992365501,-0.4620576819464771,0.0,0.0,0.0,6.622894992365501,0.0
1KME5476N8494,-2.8143284179422734,0.6914738822138234,0.19906611950626035,6.63108982531833,-0.1192089913334835,-2.8143284179422734,0.0,0.0,6.63108982531833,0.0
1KME5476N8495,-2.642054582310854,0.6607656928194827,0.18671642502604796,12.285574255066685,0.32616062915248617,0.0,0.0,0.0,12.285574255066685,0.0
1KME5476N8497,-1.1139754693357842,0.610765216405675,0.1715120917725598,19.03711596643149,0.7597827273734777,0.0,0.0,0.0,19.03711596643149,0.0
1KME5476N8506,-0.10541552083245687,0.6018807277085747,0.2293748607503166,15.73401981777052,-0.08529705866744065,0.0,0.0,0.0,15.73401981777052,0.0
1KME5477N8483,0.4190364731197347,0.8494647457572834,0.24575961543921696,14.91804966532856,-9.261415495060557,0.0,0.0,0.0,14.91804966532856,-9.261415495060557
1KME5477N8485,0.03043231938220675,0.8418143488050103,0.2420744613420351,18.142773556611733,-9.056593930537014,0.0,0.0,0.0,18.142773556611733,-9.056593930537014
1KME5477N8486,-0.1269225040833757,0.8355535890358591,0.23950225750692886,19.42332948520866,-8.968840733191046,0.0,0.0,0.0,19.42332948520866,-8.968840733191046
1KME5477N8492,-2.81888491906581,0.7421861865227041,0.20347427434809948,9.24026821163265,-0.6553894099655412,-2.81888491906581,0.0,0.0,9.24026821163265,0.0
1KME5477N8493,-3.277168864267801,0.7105567424398865,0.19232145012524038,8.527386911043264,-0.47171955097139073,-3.277168864267801,0.0,0.0,8.527386911043264,0.0
1KME5477N8494,-3.431397507442896,0.6730865553076594,0.17947654713898423,8.000346896073818,-0.1242902691318041,-3.431397507442896,0.0,0.0,8.000346896073818,0.0
1KME5477N8496,-2.8995737240124333,0.610556008341991,0.15332598947252082,9.37760683342873,0.9700164876299937,-2.8995737240124333,0.0,0.0,9.37760683342873,0.0
1KME5477N8498,-0.945572405060736,0.5641396710009499,0.15983132671544525,19.9539614896878,1.0362556416307465,0.0,0.0,0.0,19.9539614896878,0.0
1KME5477N8500,0.29035421039676834,0.5505310564175679,0.18250168910956335,18.852849925373423,0.15416679928358443,0.0,0.0,0.0,18.852849925373423,0.0
1KME5478N8484,0.3350987415462643,0.8452285370985873,0.23707938956222377,8.999592443724271,-9.31544384034491,0.0,0.0,0.0,8.999592443724271,-9.31544384034491
1KME5478N8485,0.026499016955924666,0.8403040211778128,0.23438567296984983,9.973377136478435,-8.61143066722252,0.0,0.0,0.0,9.973377136478435,-8.61143066722252
1KME5478N8486,-0.34012853806178533,0.8337935618057556,0.23107170246343556,11.557855158375624,-7.413308371168776,0.0,0.0,0.0,11.557855158375624,-7.413308371168776
1KME5478N8488,-1.1016896063892967,0.8136273907066811,0.22192349661422145,21.363123203926904,-7.315853417902527,0.0,0.0,0.0,21.363123203926904,-7.315853417902527
1KME5478N8491,-2.752484818749187,0.759092616202208,0.1980856850073582,9.573717735667929,-1.21962588399981,0.0,0.0,0.0,9.573717735667929,0.0
1KME5478N8492,-3.3732800417334734,0.7295019192243515,0.18599335535309383,9.785778945493233,-0.6741226299452434,-3.3732800417334734,0.0,0.0,9.785778945493233,0.0
1KME5478N8493,-3.777744948096192,0.6931650202064557,0.17269192036318332,9.331395950070512,-0.4622154010504019,-3.777744948096192,0.0,0.0,9.331395950070512,0.0
1KME5478N8494,-4.055756202751615,0.649064995450539,0.15594872167110901,8.044016703199311,-0.06223267868378483,-4.055756202751615,0.0,0.0,8.044016703199311,0.0
1KME5478N8495,-4.019651260125177,0.6122593225802742,0.1381313365567218,8.624393177445796,0.334633188631498,-4.019651260125177,0.0,0.0,8.624393177445796,0.0
1KME5478N8496,-3.5626081062701602,0.5784557582633479,0.1359582131942932,12.71458261685322,0.8586829807848484,-3.5626081062701602,0.0,0.0,12.71458261685322,0.0
1KME5478N8497,-2.6258962373783046,0.5575833603185538,0.13112309508790418,17.06745997969646,1.5424944851466758,0.0,0.0,0.0,17.06745997969646,0.0
1KME5478N8498,-1.7078630751064638,0.5430270580667526,0.14490057958374242,17.478062540737465,1.6831755548943592,0.0,0.0,0.0,17.478062540737465,0.0
1KME5478N8499,-0.833261339949016,0.5298607110662135,0.15864444683410514,16.822139772184173,0.5329541998113553,0.0,0.0,0.0,16.822139772184173,0.0
1KME5478N8500,-0.3397977894834389,0.5393150326873046,0.17104842232044398,14.031529508496604,0.5975417517149039,0.0,0.0,0.0,14.031529508496604,0.0
1KME5478N8503,-0.5387059144497566,0.566536807959602,0.19937771723082726,15.746576869307292,0.5358573608020442,0.0,0.0,0.0,15.746576869307292,0.0
1KME5479N8483,0.7284667763138982,0.8442458864853717,0.2323224150857473,11.202183064224503,-10.329907759993059,0.0,0.0,0.0,11.202183064224503,-10.329907759993059
1KME5479N8484,0.6176517300484419,0.8402783737951143,0.2294439495345846,7.195306483889248,-9.591555175449713,0.0,0.0,0.0,7.195306483889248,-9.591555175449713
1KME5479N8485,0.19321152237081077,0.8353706128079827,0.22597933692954011,7.6729969283730295,-9.03149187589836,0.0,0.0,0.0,7.6729969283730295,-9.03149187589836
1KME5479N8486,-0.3030942951478836,0.8288024652264179,0.22180830933441364,8.326974667855339,-8.016142001618896,0.0,0.0,0.0,8.326974667855339,-8.016142001618896
1KME5479N8487,-0.6985067399904995,0.8201010016635908,0.21677661907534762,9.914604968274558,-6.685743216544996,0.0,0.0,0.0,9.914604968274558,-6.685743216544996
1KME5479N8488,-1.191988747017983,0.80864577666606,0.21068926427867352,11.041141262229822,-6.408592606620927,0.0,0.0,0.0,11.041141262229822,-6.408592606620927
1KME5479N8489,-1.7391922111804183,0.7932868537428895,0.20317306470705881,15.544582496855819,-4.231159735885851,0.0,0.0,0.0,15.544582496855819,-4.231159735885851
1KME5479N8490,-2.367260080111126,0.7732512964196182,0.19379600911239062,9.419339657041373,-2.3561292905988034,0.0,0.0,0.0,9.419339657041373,0.0
1KME5479N8491,-3.063197049645029,0.7478728122361477,0.18200807743846403,9.255769136086595,-1.478202348089288,-3.063197049645029,0.0,0.0,9.255769136086595,0.0
1KME5479N8492,-3.6488507436420887,0.7162921680543454,0.16711091446742832,9.730657398443405,-0.7003536893678227,-3.6488507436420887,0.0,0.0,9.730657398443405,0.0
1KME5479N8493,-4.237537188834292,0.6758270285052146,0.14971111832876716,9.2793499400888,-0.42956616585546736,-4.237537188834292,0.0,0.0,9.2793499400888,0.0
1KME5479N8494,-4.641832738186275,0.6319954835920076,0.128650892093825,8.041572654787162,0.018394853747496456,-4.641832738186275,0.0,0.0,8.041572654787162,0.0
1KME5479N8495,-4.5425760728312,0.5848192971413991,0.11252447640793638,10.154991406889483,0.47312662473077116,-4.5425760728312,0.0,0.0,10.154991406889483,0.0
1KME5479N8496,-4.057409277530549,0.5473189084801671,0.1162170107430712,15.869144416719678,1.1746289678363775,-4.057409277530549,0.0,0.0,15.869144416719678,0.0
1KME5479N8497,-3.2054582378407,0.5271932104400638,0.11292222385485311,18.25932843724741,2.161230788167103,-3.2054582378407,0.0,0.0,18.25932843724741,0.0
1KME5479N8498,-2.1700646673760975,0.5181727930987329,0.1297954203213276,18.699704909197845,2.8990567443408333,0.0,0.0,0.0,18.699704909197845,0.0
1KME5479N8499,-1.3182271003544825,0.5178373598257144,0.14548910521408479,18.683270806530633,2.5109387003911388,0.0,0.0,0.0,18.683270806530633,0.0
1KME5479N8500,-0.7490918573815255,0.5282199472363691,0.15946625637738857,16.140401837453773,0.989198234500744,0.0,0.0,0.0,16.140401837453773,0.0
1KME5479N8501,-0.6891027512244773,0.5334810930234285,0.17163693452225437,13.424434811635376,0.11844736183330579,0.0,0.0,0.0,13.424434811635376,0.0
1KME5479N8502,-0.7099295379950942,0.5445501843911917,0.18210982367187248,11.365456430201915,0.6695591400675355,0.0,0.0,0.0,11.365456430201915,0.0
1KME5480N8484,0.8194620489030443,0.8352550050621863,0.2214082021644931,10.67200245201486,-10.693046318778011,0.0,0.0,0.0,10.67200245201486,-10.693046318778011
1KME5480N8485,0.6358434300698853,0.8297971321985421,0.21717864896088906,7.073735898741197,-10.406997049707114,0.0,0.0,0.0,7.073735898741197,-10.406997049707114
1KME5480N8486,0.11518694451238405,0.8225858291477093,0.21207963045916722,7.997078241994072,-9.328972439054313,0.0,0.0,0.0,7.997078241994072,-9.328972439054313
1KME5480N8487,-0.46426572283777423,0.8131270012815994,0.2059330627510359,9.153635842830402,-7.355277286368641,0.0,0.0,0.0,9.153635842830402,-7.355277286368641
1KME5480N8489,-1.7427862788747912,0.7846733039521097,0.18955696210288828,9.089840792016144,-2.410641841243986,0.0,0.0,0.0,9.089840792016144,0.0
1KME5480N8491,-3.282779825879006,0.736406820371693,0.16530669693339473,9.382322511729809,-1.7347891311716173,-3.282779825879006,0.0,0.0,9.382322511729809,0.0
1KME5480N8494,-5.049735323784886,0.6073710424893485,0.10630737894603073,9.360244772919659,0.4681300932147051,-5.049735323784886,0.0,0.0,9.360244772919659,0.0
1KME5480N8496,-4.377525548209435,0.5208820929525917,0.09119042878221847,16.980285601624953,1.4749111584388808,-4.377525548209435,0.0,0.0,16.980285601624953,0.0
1KME5480N8497,-3.60776156594734,0.5073767240235141,0.09459793105727027,17.68946998280401,2.6030567447507016,-3.60776156594734,0.0,0.0,17.68946998280401,0.0
1KME5480N8498,-2.759536413596782,0.48410827070021795,0.11411134219446348,18.26176609594482,3.5546881004891335,0.0,0.0,0.0,18.26176609594482,3.5546881004891335
1KME5480N8499,-1.9285216947481891,0.4943850998439148,0.13188367928429065,18.370738005408484,3.7529463339123503,0.0,0.0,0.0,18.370738005408484,3.7529463339123503
1KME5480N8500,-1.3161000677426031,0.5084720708562992,0.14752944826982795,15.860551719607416,2.587230401836354,0.0,0.0,0.0,15.860551719607416,0.0
1KME5480N8501,-1.022336955403312,0.5229915498186098,0.1610630369765043,13.64647020237277,1.2758683610060995,0.0,0.0,0.0,13.64647020237277,0.0
1KME5480N8502,-0.9805365441685417,0.5361898288189024,0.17266614451032666,13.103376398495529,1.0194954396452727,0.0,0.0,0.0,13.103376398495529,0.0
1KME5480N8503,-0.9707886389366536,0.5481020889292061,0.1825750049722896,15.226215862275314,1.0355598209877481,0.0,0.0,0.0,15.226215862275314,0.0
1KME5480N8504,-0.6487030988518503,0.5588366698893295,0.1910282624622388,15.35084288827972,0.7853522134170011,0.0,0.0,0.0,15.35084288827972,0.0
1KME5481N8488,-0.8542050453562409,0.7928960401827396,0.1852415061267161,8.828497820265131,-4.454028262381975,0.0,0.0,0.0,8.828497820265131,-4.454028262381975
1KME5481N8489,-1.66271818743642,0.7757560707674971,0.17428085073749577,12.034770713740052,-3.592786268532644,0.0,0.0,0.0,12.034770713740052,-3.592786268532644
1KME5481N8490,-2.5021755130511343,0.7535462781973672,0.16112116294091924,11.81599692387578,-2.981925982165281,0.0,0.0,0.0,11.81599692387578,-2.981925982165281
1KME5481N8492,-4.269178118753254,0.6874416173390152,0.12650936346022004,13.311020622252496,-1.1945153512700675,-4.269178118753254,0.0,0.0,13.311020622252496,0.0
1KME5481N8493,-4.9695157317537255,0.6417420309667106,0.10190330829813218,15.87718453291805,-0.22585793600951973,-4.9695157317537255,0.0,0.0,15.87718453291805,0.0
1KME5481N8495,-5.033663122894841,0.5435290114585681,0.07154231231700792,19.606756914588637,1.141127736785207,-5.033663122894841,0.0,0.0,19.606756914588637,0.0
1KME5481N8496,-4.458501203235636,0.5014915298537077,0.061989194041128064,17.077312859552794,1.6268975995504675,-4.458501203235636,0.0,0.0,17.077312859552794,0.0
1KME5481N8497,-3.715380633416252,0.46809926502861543,0.07649764123750277,17.2363544932111,2.797356428071309,-3.715380633416252,0.0,0.0,17.2363544932111,0.0
1KME5481N8498,-3.003589457812595,0.4639378881228977,0.09858903392500978,17.67010305942949,3.8073637344498312,-3.003589457812595,0.0,0.0,17.67010305942949,3.8073637344498312
1KME5481N8500,-1.6387213817827384,0.49963170672972174,0.13565309632837608,15.64780613171603,2.995363365912309,0.0,0.0,0.0,15.64780613171603,2.995363365912309
1KME5481N8501,-1.2317744474458465,0.5153884904104387,0.15051701785616248,13.735501764445338,1.7400191591069551,0.0,0.0,0.0,13.735501764445338,0.0
1KME5481N8502,-1.0270526306689742,0.5295678691124901,0.16322755530747005,13.549617268192323,1.2739981506978815,0.0,0.0,0.0,13.549617268192323,0.0
1KME5481N8505,-0.10568382906970326,0.5628411048025083,0.19122428176780226,14.232236559706186,0.2890698509893647,0.0,0.0,0.0,14.232236559706186,0.0
1KME5481N8509,0.6677427459486696,0.5929481460654159,0.21314231718404675,19.182121907087886,-1.2657392676745893,0.0,0.0,0.0,19.182121907087886,0.0
1KME5482N8485,0.8456494757434262,0.8186464937639671,0.19791979447261143,8.721159225159754,-8.185525488968688,0.0,0.0,0.0,8.721159225159754,-8.185525488968688
1KME5482N8487,0.2795588216017346,0.7992331152891071,0.1822533282355944,7.378707372812724,-4.813569334139166,0.0,0.0,0.0,7.378707372812724,-4.813569334139166
1KME5482N8488,-0.6600660329281365,0.7851321120573966,0.1720845560033888,8.069726780714236,-3.094665534242034,0.0,0.0,0.0,8.069726780714236,-3.094665534242034
1KME5482N8492,-4.361345515722023,0.6754197005707882,0.10861034065895316,14.2166490858661,-1.4556936453383018,-4.361345515722023,0.0,0.0,14.2166490858661,0.0
1KME5482N8496,-4.1866592442495305,0.493918472892729,0.04947670623184116,16.95406404225675,1.0637972004759249,-4.1866592442495305,0.0,0.0,16.95406404225675,0.0
1KME5482N8497,-3.4259488979721455,0.46406746957711736,0.06464658800494189,17.55112528298635,2.084876283530901,-3.4259488979721455,0.0,0.0,17.55112528298635,0.0
1KME5482N8498,-2.6974632872049877,0.44985546770740403,0.08780136408586434,20.56793249517578,2.269099699858612,0.0,0.0,0.0,20.56793249517578,0.0
1KME5482N8501,-1.073561170209122,0.501829535295123,0.1404094010839202,14.169117725368816,1.4676297646664171,0.0,0.0,0.0,14.169117725368816,0.0
1KME5482N8502,-0.849409581226186,0.5161092151364444,0.1541074793250967,13.550656509559175,1.1122523212290016,0.0,0.0,0.0,13.550656509559175,0.0
1KME5482N8503,-0.705603352490481,0.5291577247732829,0.16579704294865155,11.538938260144281,0.8928382533127543,0.0,0.0,0.0,11.538938260144281,0.0
1KME5482N8504,-0.5208316177594755,0.5410217743551954,0.1757800294949091,14.824369777055063,0.4972624664501763,0.0,0.0,0.0,14.824369777055063,0.0
1KME5482N8506,0.6392968204165016,0.5615887389230139,0.19165209403030822,12.647653358085638,-0.7830994118183244,0.0,0.0,0.0,12.647653358085638,0.0
1KME5482N8509,0.8633724315430373,0.586122224222073,0.20813064608555115,20.06854553318476,-1.5654789193290368,0.0,0.0,0.0,20.06854553318476,0.0
1KME5483N8486,0.24698684100505675,0.8033781239535694,0.1810440772224368,6.644904585478319,-5.150236505665362,0.0,0.0,0.0,6.644904585478319,-5.150236505665362
1KME5483N8487,-0.2744691940466459,0.7914450713937484,0.1719999006944183,6.910738984488931,-3.474318993781522,0.0,0.0,0.0,6.910738984488931,-3.474318993781522
1KME5483N8488,-0.6296320836122009,0.7764456909577018,0.1612332158047355,7.310594524303752,-3.7595958404870693,0.0,0.0,0.0,7.310594524303752,-3.7595958404870693
1KME5483N8489,-1.6968981395504596,0.7578587071753677,0.14848997185846494,10.295192728389381,-3.484993439227123,0.0,0.0,0.0,10.295192728389381,-3.484993439227123
1KME5483N8490,-2.698399724070133,0.7338308596132842,0.13337838567782118,11.841483305912442,-3.248756061658964,0.0,0.0,0.0,11.841483305912442,-3.248756061658964
1KME5483N8491,-3.590807639969271,0.7037183552309483,0.11545010913624293,12.807017907877178,-2.27511135887809,-3.590807639969271,0.0,0.0,12.807017907877178,0.0
1KME5483N8492,-4.322762450937422,0.6651237773747947,0.09421843693752523,14.066546622043584,-1.0936557839774794,-4.322762450937422,0.0,0.0,14.066546622043584,0.0
1KME5483N8494,-4.967704083071666,0.5732935432915788,0.04895902677650286,16.88758104139186,-0.2260643415608804,-4.967704083071666,0.0,0.0,16.88758104139186,0.0
1KME5483N8495,-4.482631484157556,0.5361686037594254,0.04014224078192913,13.09495518710325,-0.16241048586476545,-4.482631484157556,0.0,0.0,13.09495518710325,0.0
1KME5483N8496,-3.631543557875569,0.501162288393352,0.03843072734971011,16.47593413119475,-0.2049413933699658,-3.631543557875569,0.0,0.0,16.47593413119475,0.0
1KME5483N8498,-1.9371340539417754,0.44252084809798164,0.07654902723803893,18.63943728357037,0.05885719286553081,0.0,0.0,0.0,18.63943728357037,0.0
1KME5483N8501,-0.6424572570364493,0.49630999699095985,0.13246088794825003,15.1820709272142,0.8042847058610864,0.0,0.0,0.0,15.1820709272142,0.0
1KME5483N8502,-0.4752483932821735,0.5089431560334454,0.14556061754319122,13.325557084112766,0.692113905774227,0.0,0.0,0.0,13.325557084112766,0.0
1KME5483N8503,-0.32816868371043867,0.5228434896487868,0.15787143758527433,10.868818189859056,0.4695941961548604,0.0,0.0,0.0,10.868818189859056,0.0
1KME5483N8504,-0.10999117446818445,0.5354142649950183,0.16850231948310385,10.125856423700988,-0.08084909214987318,0.0,0.0,0.0,10.125856423700988,0.0
1KME5483N8507,1.4009457309017062,0.5664251427116497,0.19223199815990075,15.297904727064816,-1.5922134451171508,0.0,0.0,0.0,15.297904727064816,0.0
1KME5484N8486,-0.4373123894559903,0.7960209536439078,0.17245128039772412,7.5242012590773895,-4.765987693601765,0.0,0.0,0.0,7.5242012590773895,-4.765987693601765
1KME5484N8487,-0.7365078970963741,0.7841663662743106,0.16277411878015455,7.561539166257812,-4.198453423772687,0.0,0.0,0.0,7.561539166257812,-4.198453423772687
1KME5484N8492,-4.299187562029067,0.6575685140214377,0.0824632845574478,8.140686686098608,-0.8695591999918373,-4.299187562029067,0.0,0.0,8.140686686098608,0.0
1KME5484N8493,-4.642442668881132,0.6174457202223227,0.06031475553160254,9.652242413280295,-0.8724551554753165,-4.642442668881132,0.0,0.0,9.652242413280295,0.0
1KME5484N8494,-4.537217127197678,0.5782782548020293,0.04060916657405758,15.149585504097438,-0.7738283871307737,-4.537217127197678,0.0,0.0,15.149585504097438,0.0
1KME5484N8496,-2.93746032240445,0.5157198303378989,0.02638898052780683,15.69076777458971,-2.6050033425749004,-2.93746032240445,0.0,0.0,15.69076777458971,0.0
1KME5484N8497,-1.6331096090095638,0.48774216757603717,0.04210325988362311,17.088716116765188,-3.9074384734565397,0.0,0.0,0.0,17.088716116765188,-3.9074384734565397
1KME5484N8498,-1.045264286222012,0.46171405001925997,0.06706804018413114,18.1800177566801,-3.8954741071236016,0.0,0.0,0.0,18.1800177566801,-3.8954741071236016
1KME5484N8499,-0.4842586017032813,0.4668241201623695,0.089214108797736,20.226727880150907,-2.4810482856329026,0.0,0.0,0.0,20.226727880150907,0.0
1KME5484N8500,-0.20074677878253727,0.4749823169591128,0.1085616918222457,20.354638619899404,-0.995661873133488,0.0,0.0,0.0,20.354638619899404,0.0
1KME5484N8501,-0.07792467875917049,0.491737082750697,0.12532641106323925,16.445730903945172,-0.18425993368159055,0.0,0.0,0.0,16.445730903945172,0.0
1KME5484N8502,-0.0012645315613023292,0.5079353095405246,0.13979684836957543,13.945883105519865,-0.09622964566154506,0.0,0.0,0.0,13.945883105519865,0.0
1KME5484N8504,0.3006247523599633,0.536165140322083,0.16223308086561677,11.094104757703318,-0.6537371677744558,0.0,0.0,0.0,11.094104757703318,0.0
1KME5484N8505,0.703600040075541,0.5479091924027464,0.17119612654940933,13.997274680980409,-1.231995797856416,0.0,0.0,0.0,13.997274680980409,0.0
1KME5484N8508,1.433627944022232,0.5751453138201257,0.19291338879508743,15.514644102296836,-2.147102397961166,0.0,0.0,0.0,15.514644102296836,0.0
1KME5485N8491,-4.018600028040914,0.688537962652377,0.09634629481915058,11.003785968031849,-1.8749589217857436,-4.018600028040914,0.0,0.0,11.003785968031849,0.0
1KME5485N8492,-4.149766196642874,0.6527740404775161,0.07745646050983758,12.030037319673914,-0.7566900235773016,-4.149766196642874,0.0,0.0,12.030037319673914,0.0
1KME5485N8495,-3.297401024229767,0.5508920935276699,0.03163091171874086,15.303044974850252,-2.502098490213215,-3.297401024229767,0.0,0.0,15.303044974850252,0.0
1KME5485N8496,-2.2957097825535415,0.5274092756619392,0.01729996791879963,13.93335275553516,-3.614921983690865,0.0,0.0,0.0,13.93335275553516,-3.614921983690865
1KME5485N8497,-1.222019888491053,0.4980672527773654,0.03594259668774214,14.408084931173775,-5.35572068774845,0.0,0.0,0.0,14.408084931173775,-5.35572068774845
1KME5485N8498,-0.34245516533562365,0.47419516084820146,0.05945033815574338,15.685433757787022,-5.079217562712159,0.0,0.0,0.0,15.685433757787022,-5.079217562712159
1KME5485N8499,0.18300696469797897,0.47687557890541704,0.08173960723119952,19.236601465283584,-3.5786830500330264,0.0,0.0,0.0,19.236601465283584,-3.5786830500330264
1KME5485N8500,0.3997603430887649,0.4906691794991276,0.10129481347413039,19.843123736013748,-2.372320655843885,0.0,0.0,0.0,19.843123736013748,0.0
1KME5485N8501,0.5060993325864147,0.4917789114019928,0.11832220411987372,17.144636756753464,-1.8246671943058927,0.0,0.0,0.0,17.144636756753464,0.0
1KME5485N8503,0.5106373129336492,0.5229173899600034,0.145891112377696,13.5897304955189,-1.5781284525673462,0.0,0.0,0.0,13.5897304955189,0.0
1KME5485N8504,0.6052395187275539,0.5333375676465869,0.15698294378061467,12.344307869730752,-1.3359582163262107,0.0,0.0,0.0,12.344307869730752,0.0
1KME5485N8505,0.9171913190703047,0.5456360183456695,0.16660972026872997,10.783596804052822,-1.7076447104632584,0.0,0.0,0.0,10.783596804052822,0.0
1KME5486N8490,-3.514200843696997,0.7108908469596776,0.10469025289963592,10.936097733798375,-1.9340856484650364,-3.514200843696997,0.0,0.0,10.936097733798375,0.0
1KME5486N8491,-3.8920714126046154,0.681877008350075,0.09199315126723523,11.139671626372998,-1.467793569957051,-3.8920714126046154,0.0,0.0,11.139671626372998,0.0
1KME5486N8494,-3.412928648107047,0.5884991119214195,0.04019993491706897,14.426379148281358,-2.1453086607934835,-3.412928648107047,0.0,0.0,14.426379148281358,0.0
1KME5486N8497,-0.8394552037231569,0.5123349061813327,0.03407834935153397,12.79027021593985,-4.817045098538937,0.0,0.0,0.0,12.79027021593985,-4.817045098538937
1KME5486N8500,0.7658577260765101,0.4940603883862541,0.09522641599410196,17.569279757189314,-3.62558988552691,0.0,0.0,0.0,17.569279757189314,-3.62558988552691
1KME5486N8502,0.7656093812340677,0.5104060507641198,0.12717531959989284,15.041717749837376,-3.183111012249642,0.0,0.0,0.0,15.041717749837376,-3.183111012249642
1KME5486N8503,0.7306134297159805,0.5230174840879643,0.14014961491085373,12.429672822344124,-2.4970474986987146,0.0,0.0,0.0,12.429672822344124,0.0
1KME5486N8504,0.7377642540104196,0.5357225855866206,0.15145552747169552,11.571762215427135,-1.9437587320898415,0.0,0.0,0.0,11.571762215427135,0.0
1KME5486N8505,0.9310669852902488,0.547375644276642,0.16131791785756397,12.771477760176538,-2.135424307153557,0.0,0.0,0.0,12.771477760176538,0.0
1KME5487N8488,-2.6720692025159125,0.7470570146389629,0.12737269144505314,11.797241736122825,-3.8851418313065933,0.0,0.0,0.0,11.797241736122825,-3.8851418313065933
1KME5487N8489,-3.1800371564103838,0.728026427778769,0.11201893631919886,11.74018506971561,-2.7509926542982197,-3.1800371564103838,0.0,0.0,11.74018506971561,0.0
1KME5487N8492,-3.7803296004445355,0.6491751192140613,0.07127520392918703,10.372120259969215,-1.195701550966824,-3.7803296004445355,0.0,0.0,10.372120259969215,0.0
1KME5487N8493,-3.587308368255074,0.6245937478506053,0.055635123374800054,11.91528139812707,-1.5761995756121652,-3.587308368255074,0.0,0.0,11.91528139812707,0.0
1KME5487N8495,-2.552713700878543,0.5758140341448675,0.034905033344477907,13.249540359162008,-2.7190582761481843,0.0,0.0,0.0,13.249540359162008,0.0
1KME5487N8496,-1.8372574891421365,0.554424303501107,0.025578347091472997,11.187239073984845,-3.4899316044356317,0.0,0.0,0.0,11.187239073984845,-3.4899316044356317
1KME5487N8497,-0.6206504266663827,0.534200724917094,0.037160568506058346,15.396944505853671,-4.39866320199961,0.0,0.0,0.0,15.396944505853671,-4.39866320199961
1KME5487N8499,0.6250201955642932,0.5054772874111548,0.07420819947026444,19.692909215795428,-5.087317300168101,0.0,0.0,0.0,19.692909215795428,-5.087317300168101
1KME5487N8500,0.8607575521345464,0.5045177652973537,0.09182319577492455,15.787066670790571,-4.758465461349203,0.0,0.0,0.0,15.787066670790571,-4.758465461349203
1KME5487N8501,0.9041752748779817,0.5107531990140455,0.10767387277721197,16.547557760557122,-4.390726823671558,0.0,0.0,0.0,16.547557760557122,-4.390726823671558
1KME5487N8502,0.8600911851954713,0.5231926218449686,0.12207569897860554,14.433048706708613,-3.920456200986396,0.0,0.0,0.0,14.433048706708613,-3.920456200986396
1KME5487N8503,0.7877288987906056,0.528116549270592,0.1350862089150937,11.839031577331689,-3.13224436477269,0.0,0.0,0.0,11.839031577331689,-3.13224436477269
1KME5487N8504,0.7485246491988635,0.5387324920321466,0.1464914879653373,11.057253158899687,-2.550246237826208,0.0,0.0,0.0,11.057253158899687,0.0
1KME5488N8490,-3.55699998513757,0.7013754408787152,0.09571352689891428,7.943671869706003,-1.0374541418201662,-3.55699998513757,0.0,0.0,7.943671869706003,0.0
1KME5488N8492,-3.466343546473888,0.6508180253014072,0.07232137094965362,13.157437361221922,-1.8520044259978434,-3.466343546473888,0.0,0.0,13.157437361221922,0.0
1KME5488N8495,-2.254329636778674,0.58484643890366,0.04148029655343208,12.918620907732427,-2.317692576891113,0.0,0.0,0.0,12.918620907732427,0.0
1KME5488N8497,-1.035963329745941,0.5486430295573552,0.03921259542718774,14.726017512496771,-3.573931285925668,0.0,0.0,0.0,14.726017512496771,-3.573931285925668
1KME5488N8499,0.16132486196998602,0.5266800058461173,0.07302201179260018,18.663414297552688,-4.984321779884817,0.0,0.0,0.0,18.663414297552688,-4.984321779884817
1KME5488N8501,0.8191284070612893,0.5239205361853171,0.10497662780655939,18.443355095931338,-4.705882741687632,0.0,0.0,0.0,18.443355095931338,-4.705882741687632
1KME5488N8503,0.704786884077798,0.5366182406318878,0.13095034623368546,11.697041229939094,-3.631381593006999,0.0,0.0,0.0,11.697041229939094,-3.631381593006999
1KME5488N8504,0.7736136331812109,0.543637673418861,0.14211431783035933,12.296304841248695,-2.972649376647061,0.0,0.0,0.0,12.296304841248695,-2.972649376647061
1KME5488N8506,1.126501098065617,0.5610935915197395,0.16104922871478927,13.421035042462838,-2.8840404741693386,0.0,0.0,0.0,13.421035042462838,0.0
1KME5489N8500,0.165900758899338,0.5358524903233823,0.08865895098844975,19.153102355533974,-4.759699651111742,0.0,0.0,0.0,19.153102355533974,-4.759699651111742
1KME5489N8504,0.7500060790590384,0.5521119580937038,0.13887172464889183,12.774919022804747,-3.5022220768478025,0.0,0.0,0.0,12.774919022804747,-3.5022220768478025
1KME5490N8496,-1.8283288441451377,0.5888923175944895,0.05191979246312826,16.991212600931,-2.9666900838118435,0.0,0.0,0.0,16.991212600931,-2.9666900838118435
